Timestamp,Email,FirstName,Company,Sender
2025-05-07T00:34:43.027718600,einar@50skills.com,Einar,50skills,Vivekanand Thakur
2025-05-07T00:34:44.212758400,tconnor@walnuteq.com,Tim,Walnut EQ,Vivekanand Thakur
2025-05-07T00:34:45.377784800,jdewitt@micron.com,Joe,Micron Technology,Suman L Mukherjee
2025-05-07T00:34:46.536835,kevindaniel@Micron.com,Kevin,Micron Technology, INc.,Suman L Mukherjee
2025-05-07T00:34:56.626115400,jenniferfeinleib@outlook.com,Jennifer,Cadmus Group,Suman L Mukherjee
2025-05-07T00:34:57.790144100,Fara@cadencetalent.com,Fara,Cadence,Vivekanand Thakur
2025-05-07T00:35:04.779633,pcooper@talentnet.com,Phil,TalentNet,Vivekanand Thakur
2025-05-07T00:35:05.945648300,emessinger@prosci.com,Eric,Prosci,Vivekanand Thakur
2025-05-07T00:35:07.104681500,Patrick.finn@rockwellautomation.com,Patrick,Rockwell Automation,Vivekanand Thakur
2025-05-07T00:35:08.266722100,rnarayya@phoenixbev.mu,Dharamraj (Rama),Phoenix Beverages Limited,Vivekanand Thakur
2025-05-07T00:35:09.427750300,yash.agrawal@utdallas.edu,Yash,Senseloaf,Neeraj Chaudhary
2025-05-07T00:35:15.404921700,bryan.sosoo@bms.com,Bryan,Bristol-Myers Squibb,Suman L Mukherjee
2025-05-07T00:35:16.584954800,ashishk@chetu.com,Ashish,Chetu,Vivekanand Thakur
2025-05-07T00:35:17.749999600,volneyc@chetu.com,Volney,Chetu Inc,Vivekanand Thakur
2025-05-07T00:35:18.914029200,neastman@opptly.ai,Nate,Opptly,Vivekanand Thakur
2025-05-07T00:35:20.086051700,joseph.wilkie@healthecareers.com,Joseph,Health eCareers,Vivekanand Thakur
2025-05-07T00:35:21.240096,jdale@vetjobs.org,Jamie,VetJobs & Military Spouse Jobs,Suman L Mukherjee
2025-05-07T00:35:22.398122500,carmen.scanlon@wilsonhr.com,Carmen,Wilson,Vivekanand Thakur
2025-05-07T00:35:23.560155,tilmin.hudson@themindgym.com,Tilmin,MindGym,Vivekanand Thakur
2025-05-07T00:35:24.711832800,lindsey.rodriquez@themindgym.com,Lindsey,MindGym,Vivekanand Thakur
2025-05-07T00:35:25.867857100,ben.krupp@dat.com,Ben,DAT Freight & Analytics,Suman L Mukherjee
2025-05-07T00:35:30.363595700,savannah.barnes@creditkarma.com,Savannah,Credit Karma,Vivekanand Thakur
2025-05-07T00:35:31.532631200,lupe.romo@creditkarma.com,Lupe,Credit Karma,Vivekanand Thakur
2025-05-07T00:35:49.566164,lrauchwarter@aan.com,Lara,American Academy of Neurology,Vivekanand Thakur
2025-05-07T00:35:50.717187600,JeriLynn.Wilson@coxinc.com,Jeri Lynn,Cox Enterprises,Vivekanand Thakur
2025-05-07T00:35:51.868223600,nmcgrud3@ford.com,Neva,BlueOval SK,Vivekanand Thakur
2025-05-07T00:35:53.024246500,patricia_feldman@cotyinc.com,Patricia,Coty,Vivekanand Thakur
2025-05-07T00:35:54.174286200,bqiu@onestreamsoftware.com,Betty,OneStream Software LLC,Vivekanand Thakur
2025-05-07T00:35:55.331546900,efrain@ea-lateral.com,Efrain,EA-Lateral Business Thinking,Vivekanand Thakur
2025-05-07T00:35:56.483579900,sara.soto@group1001.com,Sara,Group 1001,Vivekanand Thakur
2025-05-07T00:35:57.638159900,laurel.delacruz@mgrc.com,Laurel,McGrath,Vivekanand Thakur
2025-05-07T00:35:58.792188500,ronda.moore@aptiv.com,Ronda,Aptiv,Vivekanand Thakur
2025-05-07T00:35:59.953239300,emilee.demartino@us.mcd.com,Emilee,McDonald’s,Vivekanand Thakur
2025-05-07T00:36:01.108259700,matilda.zimmerman@mentimeter.com,Matilda,Mentimeter,Vivekanand Thakur
2025-05-07T11:35:17.745873800,apfeffer@honorhealthnetwork.com,Alex,Honor Health Network,Claudia Almendarez
2025-05-07T11:35:18.925900900,emilyly@block.xyz,Emily,Block, Inc.,Vivekanand Thakur
2025-05-07T11:35:20.101951400,mangle@onestreamsoftware.com,Martha,OneStream Software LLC,Vivekanand Thakur
2025-05-07T11:35:21.264970300,alva.he@edmonds.edu,Alva,Career Connect Washington,Vivekanand Thakur
2025-05-07T11:35:25.762103700,Cody.Rizzo@strategiced.com,Cody,Strategic Education, Inc.,Claudia Almendarez
2025-05-07T11:35:26.954137,dturchetti@tcb.org,David,The Conference Board,Suman L Mukherjee
2025-05-07T11:35:28.117175900,vladimir@indriver.com,Vladimir,inDrive,Suman L Mukherjee
2025-05-07T11:35:29.340225700,Sara.piper@fblasvegas.com,Sara,Fontainebleau Las Vegas,Suman L Mukherjee
2025-05-07T11:35:30.494244400,brian.tonar@modsquad.com,Brian,ModSquad,Vivekanand Thakur
2025-05-07T11:35:31.668284900,carly@hotelwifi.com,Carly,Hotel Internet Services,Suman L Mukherjee
2025-05-07T11:35:32.822321100,ctobon@eightfold.ai,Carlos,Eightfold,Claudia Almendarez
2025-05-07T13:04:17.645893200,travis.windling@rbc.com,Travis,Royal Bank of Canada,Claudia Almendarez
2025-05-07T13:04:18.851912200,sami.adnan@rbc.com,Sami,RBC,Claudia Almendarez
2025-05-07T13:04:20.032946,kylie.rabel@shutterfly.com,Kylie,Shutterfly,Vivekanand Thakur
2025-05-07T13:04:21.205983800,jziebell@indeed.com,Justin,Indeed,Neeraj Chaudhary
2025-05-07T13:04:28.504191300,VinayDalwale@Gmail.com,Vinay,ex Nike, Amazon and Microsoft,Suman L Mukherjee
2025-05-07T13:04:29.669224500,tara.rogers@denaliai.com,Tara,Denali Advanced Integration,Suman L Mukherjee
2025-05-07T13:04:30.831253700,celine@rvezy.com,Tsoi Yuen,litespace,Vivekanand Thakur
2025-05-07T13:04:31.993331900,kbockenstedt@citylaundering.com,Katie,CITY LAUNDERING CO,Suman L Mukherjee
2025-05-07T13:04:33.158320800,jenna.zucchet@platform.sh,Jenna,Platform.sh,Suman L Mukherjee
2025-05-07T13:04:34.339357,mariesol_gonzalo@amat.com,Mariesol,Applied Materials,Suman L Mukherjee
2025-05-07T13:04:39.416510400,purvi_patel@amat.com,Purvi,Applied materials,Suman L Mukherjee
2025-05-07T13:04:40.579539300,jbrame@onestreamsoftware.com,Julia,OneStream,Suman L Mukherjee
2025-05-07T13:04:41.744587,glenn@hitr.co.uk,Glenn,Talent IP,Vivekanand Thakur
2025-05-07T13:04:42.904605100,chandin.morrow@paycomonline.com,Chandin,Paycom Payroll,Suman L Mukherjee
2025-05-07T13:04:44.077644900,shyla.sanders@paycomonline.com,Shyla,Paycom Payroll,Suman L Mukherjee
2025-05-07T13:04:45.250670800,lyndsey.hyde@paycomonline.com,Lyndsey,Paycom Payroll,Suman L Mukherjee
2025-05-07T15:14:46.766796800,ben.eubanks@lhra.io,Ben,Lighthouse Research & Advisory,Suman L Mukherjee
2025-05-07T15:14:47.941822400,joshua.franklin@aa.com,Joshua,Piedmont Airlines,Suman L Mukherjee
2025-05-07T15:14:49.123851300,Sumang@blocktxm.com,Suman,BlockTXM, WellnessXM, TravelXM,Vivekanand Thakur
2025-05-07T15:14:50.300892600,grace.wilson@aa.com,Grace,Piedmont Airlines,Neeraj Chaudhary
2025-05-07T15:14:57.476031100,peterz@aimgroup.com,Peter,AIM Group,Claudia Almendarez
2025-05-07T15:14:58.653064500,gregboots@sgws.com,Greg,Southern Glazer's Wine & Spirits,Vivekanand Thakur
2025-05-07T15:14:59.819097400,nicholas.watts@ascension.org,Nick,Ascension,Vivekanand Thakur
2025-05-07T15:15:00.995136200,pergolinij@ballardspahr.com,John,Ballard Spahr LLP,Suman L Mukherjee
2025-05-07T15:15:02.162170500,dana.salamone@thredup.com,Dana,ThredUp,Vivekanand Thakur
2025-05-07T15:15:03.329203500,caroline.carter@1111systems.com,Caroline,11:11 Systems, Inc.,Vivekanand Thakur
2025-05-07T15:15:04.496241400,andrew@playfair.vc,Andrew,StackOne,Vivekanand Thakur
2025-05-07T15:15:05.651281900,veronique.sauve@aircanada.ca,Veronique,Air Canada,Suman L Mukherjee
2025-05-07T15:15:06.807308400,nithya.rangarajan@tcs.com,Nithya,TATA Consultancy Services Limited,Claudia Almendarez
2025-05-07T15:15:11.182442400,arprasad@guidewire.com,Arun,Guidewire Software,Claudia Almendarez
2025-05-08T01:07:02.182179100,paige.akins@tealium.com,Paige,Tealium,Vivekanand Thakur
2025-05-08T01:07:03.392208300,mayank.tanwar@leena.ai,Mayank,Leena AI,Claudia Almendarez
2025-05-08T01:07:04.566245700,alebel@sherweb.com,Alexandra,Sherweb,Neeraj Chaudhary
2025-05-08T01:07:05.742276700,Mamta.AGGARWAL@hr-path.com,Mamta,HR Path,Suman L Mukherjee
2025-05-08T01:07:06.911310300,boloorc@okstate.edu,Alireza,Catch Up AI,Suman L Mukherjee
2025-05-08T01:07:08.090347700,anadey@networkoptix.com,Anton,Network Optix,Suman L Mukherjee
2025-05-08T01:07:09.256379600,coco.lamenzo@attentability.com,Coco,AttentAbility LLC,Vivekanand Thakur
2025-05-08T11:41:47.939791500,alvaro@5x5coop.com,Alvaro,5x5,Vivekanand Thakur
2025-05-08T11:41:49.119821600,matt@hrtechstrategy.com,Matt,HRTech Strategy,Vivekanand Thakur
2025-05-08T11:41:50.373857600,kristin.murphy@greenhouse.io,Kristin,Greenhouse,Claudia Almendarez
2025-05-08T11:41:51.539888600,annabel@vizzy.com,Annabel,Vizzy,Vivekanand Thakur
2025-05-08T11:41:52.703926700,esantos@ecovadis.com,Edna,EcoVadis,Suman L Mukherjee
2025-05-08T11:41:53.866952700,andrea.arment@metlife.com,Andrea,MetLife,Vivekanand Thakur
2025-05-08T11:41:55.026984100,sara.diamond@metlife.com,Sara,MetLife,Vivekanand Thakur
2025-05-08T11:41:56.190015100,jen.mrdutt@sentry.com,Jen,Sentry Insurance,Vivekanand Thakur
2025-05-08T11:41:57.363048400,brad@itsjobvious.com,Brad,Jobvious,Vivekanand Thakur
2025-05-08T11:41:58.542088800,peggysueander@gmail.com,Peggy,Shutterfly,Vivekanand Thakur
2025-05-08T11:41:59.708113100,rbohman@wlgore.com,Robert,W.L. Gore & Associates,Vivekanand Thakur
2025-05-08T11:42:00.866144300,ssimpson@paylocity.com,Shari,Paylocity,Vivekanand Thakur
2025-05-08T11:42:02.032175100,dorothy.kalksma@daiichisankyo.com,Dorothy,Daiichi Sankyo,Vivekanand Thakur
2025-05-08T22:49:37.994533800,daniel.kligerman@gmail.com,Daniel,Former Danaher, Coty, AB-InBev,Vivekanand Thakur
2025-05-08T22:49:39.180552400,n.kulchitskaya@kernel.ua,Nataliia,Kernel,Vivekanand Thakur
2025-05-08T22:49:40.353586900,dbanas@zippys.com,Debrah,FCH Enterprises, Inc.,Suman L Mukherjee
2025-05-08T22:49:41.527621100,jaclin.principato@morganstanley.com,Jaclin,Morgan Stanley,Suman L Mukherjee
2025-05-08T22:49:42.695661500,kristen.cooper@shl.com,kristen,SHL,Claudia Almendarez
2025-05-08T22:49:43.871687100,Terri.Coligan@globalpay.com,Terri,Global Payments,Vivekanand Thakur
2025-05-08T22:49:45.035719600,howard.flint@ampstrategists.com,Howard,AMP Strategists Limited,Vivekanand Thakur
2025-05-08T22:49:46.206758400,elena.angela@ampstrategists.com,Elena,AMP Strategists,Claudia Almendarez
2025-05-08T22:49:47.369785800,kbgenung@landolakes.com,Kelsey,Land O'Lakes, Inc.,Vivekanand Thakur
2025-05-08T22:49:48.536818500,doug.vanbecelaere@jakesfireworks.com,DOUG,LONE STAR MANAGEMENT,Vivekanand Thakur
2025-05-08T22:49:49.706859500,amir@octopyd.com,Amir,Octopyd,Suman L Mukherjee
2025-05-08T22:49:50.867890800,davidfromcalifornia@customersharingmovement.com,David,Customer Sharing  Movement,Claudia Almendarez
2025-05-08T22:49:52.028924100,Wanda.hammoud@umbrex.com,Wanda,Umbrex,Suman L Mukherjee
2025-05-08T22:49:53.190952600,sarah@applicantpro.com,Sarah,isolved,Claudia Almendarez
2025-05-08T22:49:54.353990200,juliano.medeiros@gupy.com.br,Juliano,Gupy,Vivekanand Thakur
2025-05-08T22:49:55.516033900,dcohle@delta.org,Danielle,Delta Dental,Vivekanand Thakur
2025-05-08T22:49:56.673057100,sheer@delta.org,Sonya,Delta Dental,Vivekanand Thakur
2025-05-08T22:49:57.840089300,Treston@hiretalentstream.com,Kimberly,Talent Stream,Vivekanand Thakur
2025-05-08T22:49:58.996123600,Treston@talentstream.co,Treston,Talent Stream,Vivekanand Thakur
2025-05-08T22:50:00.174157800,tchristensen@macu.com,Tanis,Mountain America Credit Union,Suman L Mukherjee
2025-05-08T22:50:01.332839600,Elisabethgegner@potentialyze.com,Elisabeth,Potentialyze,Vivekanand Thakur
2025-05-08T22:50:02.495867300,niecyhumphrey@tengroup.com,Niecy,Ten Lifestyle Group,Vivekanand Thakur
2025-05-08T22:50:03.652903900,claudia.gilles@intel.com,Claudia,Intel Corporate,Vivekanand Thakur
2025-05-08T22:50:04.810930300,jeff@warden-ai.com,Jeff,Warden AI,Neeraj Chaudhary
